{
  "val_pr_auc": 0.48673010757218327,
  "val_roc_auc": 0.9488430586859101,
  "test_pr_auc": 0.5034214627118055,
  "test_roc_auc": 0.9475145022901522
}